coach,adjgsaa60_mean,adjgsaa60_sd
Giles Meloche,0.07035753901358414,2.4444776510574155
Mike Bales,0.20332601185719665,1.8738404841322054
